{"cameraMode":{"drawMode":0,"name":"Shaded","section":"Shading Mode"},"sceneLighting":true,"audioPlay":false,"sceneViewState":{"showFog":true,"showMaterialUpdate":false,"showSkybox":true,"showFlares":true,"showImageEffects":true,"showParticleSystems":true,"showVisualEffectGraphs":true,"m_FxEnabled":true},"in2DMode":false,"pivot":{"x":-0.24936170876026154,"y":0.03228067606687546,"z":0.10885217785835266},"rotation":{"x":0.036809369921684268,"y":-0.48066651821136477,"z":0.020199891179800035,"w":0.8758983016014099},"size":0.38660258054733279,"orthographic":false}